<?xml version="1.0" encoding="UTF-8" standalone="yes"?>
<addon id="plugin.video.tvstreampro" version="2.3" name="[B][COLOR magenta]TVSTREAMPRO[/B][/COLOR][B][COLOR green][++][/B][/COLOR]" provider-name="[B][COLOR orange]@BLACKGHOST_B[/B][/COLOR]">
    <requires>
        <import addon="script.module.simplejson" />
        <import addon="script.module.six" />
        <import addon="script.module.kodi-six" />
        <import addon="script.module.beautifulsoup4" />
        <import addon="script.module.requests" />
        <import addon="script.module.inputstreamhelper" />
        <import addon="inputstream.ffmpegdirect" version="21.3.5" />
    </requires>
    <extension point="xbmc.python.pluginsource" library="default.py">
        <provides>video</provides>
    </extension>
    <extension point="xbmc.addon.metadata">
        <summary lang="pt">[B][COLOR magenta] TVSTREAMPRO[/B][/COLOR][B][COLOR green][++][/B][/COLOR] [B]É apenas um [B][COLOR cyan]AGREGADOR[/B][/COLOR] [B]de[/B] [B][COLOR cyan]LINKS[/B][/COLOR] [B] assim como o[/B] [B][COLOR cyan]GOOGLE[/B][/COLOR], [B]apenas agrega e [B][COLOR cyan]ORGANIZA[/B][/COLOR] [B]Os[/B] [B][COLOR cyan]LINKS EXTERNOS[/B][/COLOR], [B]Não somos responsáveis pelos arquivos[/B] [B][COLOR cyan]ENCONTRADO[/B][/COLOR] [B]aqui.</summary>
        <platform>all</platform>
        <license>GNU GENERAL PUBLIC LICENSE. Version 3, 29 June 2007</license>
        <disclaimer>[B][COLOR orange]OBRIGADO POR USAR NOSSO ADD-ONS[/B][/COLOR] [B][COLOR red]sz[/B][/COLOR] [B][COLOR white]AGRADECERMOS A SUA ESCOLHA[/B][/COLOR] [B][COLOR white]EQUIPE[/B][/COLOR] [B][COLOR magenta]TVSTREAMPRO[/B][/COLOR][B][COLOR green][++][/B][/COLOR] [COLOR gold]:D[/COLOR]</disclaimer>
        <description>[B][COLOR firebrick]●[/COLOR] [COLOR white]PROIBIDO VENDER O [B][COLOR magenta] TVSTREAMPRO[/B][/COLOR][B][COLOR green][++][/B][/COLOR].
[B][COLOR firebrick]●[/COLOR] [COLOR white]NÃO VENDEMOS IPTV, CASO ACHE SITES OU MESMO APPS É FALSO.[/COLOR][/B]
</description>
        <assets>
            <icon>icon.png</icon>
            <fanart>fanart.jpg</fanart>
<screenshot>resources/home1.1.jpg</screenshot>
<screenshot>resources/movies1.1.jpg</screenshot>
<screenshot>resources/out1.1.jpg</screenshot>
        </assets>
    </extension>
</addon>